Group,Member 1,Programme 1,Student No. 1,Member 2,Programme 2,Student No. 2,Member 3,Programme 3,Student No. 3,Allocated topic,Allocated question
Group 1,Bwire Chris Buya,MIT,007-144,Akello Rose,MBA,278704,,,,Overview of Organisational Behaviour,"Define organisational behaviour and discuss its scope, multidisciplinary nature, interrelated dimensions, layers, importance and current organisational trends."
Group 2,Adamu Musa Yakubu,MIT,116-759,Kissa Micheal,MBA-HR,267-623,,,,Perception and Values,"Explain the perceptual process, personality indicators, perceptual tendencies and distortions, the Big Five personality traits, workplace values, and terminal versus instrumental values."
Group 3,Kallamu Muhammad Usman,MIT,293-007,Judith Nabirye,MBA-HR,138-893,,,,Learning in Organisations,"Discuss the meaning and benefits of learning, factors influencing learning, Honey and Mumford's learning styles, Kolb's learning cycle, learning organisations and effective feedback."
Group 4,Rujumba Arnold,MIT,289910,Achola Harriet Vicky,MBA-HR,276-979,,,,Motivation in Organisations,"Explain and compare Maslow's hierarchy of needs, Herzberg's two-factor theory, McClelland's needs theory, equity theory and expectancy theory. Show how managers can apply them."
Group 5,Mwenyemali Mushagalusa,MIT,160-503,John Juruga,MBA-HR,264-486,,,,Job Satisfaction and Emotions,"Explain the dimensions of job satisfaction, job enrichment, steps towards a happy workplace, emotions and moods, and the role of emotional intelligence in organisations."
Group 6,Frank Bugare,MIT,276-094,Nakasi Hanif,MBA-HR,276-084,Kemigisha Muhwezi Belinda,MEM,257-031,Organisational Stress and Workplace Diversity,"Examine the causes, consequences and management of workplace stress. Discuss the benefits, challenges and management of diversity in the workplace."
Group 7,Emmanuel D. R. Yardanmah,MIT,280-080,Ndagire Mariam,MBA-HR,279-288,,,,Groups and Teams,"Differentiate groups from teams and discuss team-development stages, team cohesion, types of teams, team building, and factors affecting group effectiveness and performance."
Group 8,Kitaka Sarah,MIT,148678,Moses Marial,MIT,279-322,,,,Organisational Communication,"Explain the communication process, directions and modes of communication, communication barriers, gender differences, listening, information richness and communication channels."
Group 9,Aisha Aliyu Tijjani,MIT,287911,Mawa Patrick,MEM,275-926,,,,Leadership in Organisations,"Discuss leadership perspectives and theories, managerial leadership, power and influence, and gender issues in leadership."
Group 10,Lunkuse Sharita,MIT,293604,Ishaku Yohanna Balami,MEM,276-506,,,,Conflict and Negotiation,"Explain the conflict process, conflict-intensity continuum, sources of workplace conflict, conflict-management approaches, negotiation and negotiation strategies."
Group 11,Nakabugo Agnes Patricia,MEM,264-054,Mulumba Vicent,MBA-HRM,,Ssemakadde Ibrahim,MEM,129-361,Organisational Structure and Culture,"Explain forms of control, organisational structures, span of control, mechanistic and organic structures, organisational culture and subcultures, artefacts, strong corporate cultures and the merging of organisational cultures."
